-107.917298,45.308076,Bighorn Canyon National Recreation Area Afterbay Campground,"5th Ave,
Fort Smith,
MT,
59035,
(406) 666-3305","{name:""",Bighorn Canyon National Recreation Area Afterbay Campground,""", lat:",45.308076,",",lon:,-107.917298,"},","{name:""Bighorn Canyon National Recreation Area Afterbay Campground"", lat:45.308076,lon:-107.917298},"
-107.613987,45.7393,Grandview Campground,"1002 N Mitchell,
Hardin,
MT,
59034,
(406) 665-2489","{name:""",Grandview Campground,""", lat:",45.7393,",",lon:,-107.613987,"},","{name:""Grandview Campground"", lat:45.7393,lon:-107.613987},"
-111.08766,48.313173,Sanford Park Campground,"Rt 366,
Chester,
MT,
59522,
(406) 759-5077","{name:""",Sanford Park Campground,""", lat:",48.313173,",",lon:,-111.08766,"},","{name:""Sanford Park Campground"", lat:48.313173,lon:-111.08766},"
-111.109341,48.317895,VFW Campground,",
Chester,
MT,
59522,
(406) 759-5077","{name:""",VFW Campground,""", lat:",48.317895,",",lon:,-111.109341,"},","{name:""VFW Campground"", lat:48.317895,lon:-111.109341},"
-111.141537,48.334541,Island Area Campground,",
Chester,
MT,
59522,
(406) 759-5077","{name:""",Island Area Campground,""", lat:",48.334541,",",lon:,-111.141537,"},","{name:""Island Area Campground"", lat:48.334541,lon:-111.141537},"
-109.438357,45.522416,Dew Drop Inn,"3315 Montana 78,
Absarokee,
MT,
9001,
(406) 328-4121","{name:""",Dew Drop Inn,""", lat:",45.522416,",",lon:,-109.438357,"},","{name:""Dew Drop Inn"", lat:45.522416,lon:-109.438357},"
-115.066001,48.03328,Logan State Park Campground,"490 North Meridian,
Kalispell,
MT,
59901,
(406) 293-7190","{name:""",Logan State Park Campground,""", lat:",48.03328,",",lon:,-115.066001,"},","{name:""Logan State Park Campground"", lat:48.03328,lon:-115.066001},"
-112.888001,47.502089,South Fork Campground,",
Choteau,
MT,
59422,
(406) 466-5341","{name:""",South Fork Campground,""", lat:",47.502089,",",lon:,-112.888001,"},","{name:""South Fork Campground"", lat:47.502089,lon:-112.888001},"
-115.3996,47.38663,10000 Silver Dollar Casino Free electric hookup,"Exit 16 I-90,
Haugan West End,
MT,
59842,
(406) 678-4242","{name:""",10000 Silver Dollar Casino Free electric hookup,""", lat:",47.38663,",",lon:,-115.3996,"},","{name:""10000 Silver Dollar Casino Free electric hookup"", lat:47.38663,lon:-115.3996},"
-112.624234,46.009376,2 Bar Lazy H RV Campgrounds,"122015 West Browns Gulch Road,
Butte,
MT,
59701-9602,
(406) 782-5464","{name:""",2 Bar Lazy H RV Campgrounds,""", lat:",46.009376,",",lon:,-112.624234,"},","{name:""2 Bar Lazy H RV Campgrounds"", lat:46.009376,lon:-112.624234},"
-107.37968,45.49284,7th Ranch RV Camp,",
Garryowen,
MT,
59031,
(800) 371-7963","{name:""",7th Ranch RV Camp,""", lat:",45.49284,",",lon:,-107.37968,"},","{name:""7th Ranch RV Camp"", lat:45.49284,lon:-107.37968},"
-113.150488,46.661363,Drummond City Park,"Main St,
Drummond,
MT,
,
(406) 288-3231","{name:""",Drummond City Park,""", lat:",46.661363,",",lon:,-113.150488,"},","{name:""Drummond City Park"", lat:46.661363,lon:-113.150488},"
-109.941454,46.957547,Ackley Lake State Park Campground,"Hobson,
Branson West,
MT,
59405,
(800) 338-2504","{name:""",Ackley Lake State Park Campground,""", lat:",46.957547,",",lon:,-109.941454,"},","{name:""Ackley Lake State Park Campground"", lat:46.957547,lon:-109.941454},"
-114.16702,46.19977,Angler's Roost On the Bitterroot River,"815 U.S. 93,
Hamilton,
MT,
59840,
(406) 363-1268","{name:""",Angler's Roost On the Bitterroot River,""", lat:",46.19977,",",lon:,-114.16702,"},","{name:""Angler's Roost On the Bitterroot River"", lat:46.19977,lon:-114.16702},"
-115.18171,48.892578,Mariners Haven Security,"101 Mariners Dr,
Rexford,
MT,
59930,
(406) 297-7821","{name:""",Mariners Haven Security,""", lat:",48.892578,",",lon:,-115.18171,"},","{name:""Mariners Haven Security"", lat:48.892578,lon:-115.18171},"
-110.94591,45.65138,Bear Canyon Campground,"4000 Bozeman Trail Road,
Bozeman,
MT,
59715,
(406) 587-1575","{name:""",Bear Canyon Campground,""", lat:",45.65138,",",lon:,-110.94591,"},","{name:""Bear Canyon Campground"", lat:45.65138,lon:-110.94591},"
-113.576177,46.723672,Beavertail Hill State Park Campground,"Bonita Station Road,
Clinton,
MT,
,
(406) 677-6804","{name:""",Beavertail Hill State Park Campground,""", lat:",46.723672,",",lon:,-113.576177,"},","{name:""Beavertail Hill State Park Campground"", lat:46.723672,lon:-113.576177},"
-110.66302,47.82822,Benton RV Park Campground,"2419 Washington Fort,
Benton,
MT,
59442,
(406) 622-35015","{name:""",Benton RV Park Campground,""", lat:",47.82822,",",lon:,-110.66302,"},","{name:""Benton RV Park Campground"", lat:47.82822,lon:-110.66302},"
-112.7942,46.51987,Bernie  Sharon's Riverfront RV Park,"115 Riverfront Ln,
Garrison,
MT,
59731,
(800) 255-1318","{name:""",Bernie  Sharon's Riverfront RV Park,""", lat:",46.51987,",",lon:,-112.7942,"},","{name:""Bernie  Sharon's Riverfront RV Park"", lat:46.51987,lon:-112.7942},"
-105.79101,46.42609,Big Sky Camp RV Park,"U.S. 12,
Miles City,
MT,
59301,
(406) 234-1511","{name:""",Big Sky Camp RV Park,""", lat:",46.42609,",",lon:,-105.79101,"},","{name:""Big Sky Camp RV Park"", lat:46.42609,lon:-105.79101},"
-112.954832,46.134573,Big Sky RV Park Campground,"350 Copper Sand Road,
Anaconda,
MT,
59711-2701,
(406) 563-8339","{name:""",Big Sky RV Park Campground,""", lat:",46.134573,",",lon:,-112.954832,"},","{name:""Big Sky RV Park Campground"", lat:46.134573,lon:-112.954832},"
-114.2163,47.88935,Big Sky RV Resort,"23711 US Highway 93,
Rollins,
MT,
59931-9761,
(406) 844-3501","{name:""",Big Sky RV Resort,""", lat:",47.88935,",",lon:,-114.2163,"},","{name:""Big Sky RV Resort"", lat:47.88935,lon:-114.2163},"
-108.53549,45.76358,Billings Trailer Village RV Park,"325 South Billings Boulevard,
Billings,
MT,
59101,
(406) 248-8685","{name:""",Billings Trailer Village RV Park,""", lat:",45.76358,",",lon:,-108.53549,"},","{name:""Billings Trailer Village RV Park"", lat:45.76358,lon:-108.53549},"
-115.38966,47.62145,Birdland Bay RV Resort,"2148 Blue Slide Road,
Thompson Falls,
MT,
59873,
(406) 827-4757","{name:""",Birdland Bay RV Resort,""", lat:",47.62145,",",lon:,-115.38966,"},","{name:""Birdland Bay RV Resort"", lat:47.62145,lon:-115.38966},"
-115.37227,47.604442,Riverfront Motel and RV Park,"4907 Montana 200,
Thompson Falls,
MT,
59873,
(406) 827-3460","{name:""",Riverfront Motel and RV Park,""", lat:",47.604442,",",lon:,-115.37227,"},","{name:""Riverfront Motel and RV Park"", lat:47.604442,lon:-115.37227},"
-114.177779,46.017965,Bitterroot Hide A Way RV Park,"58 South Main Street,
Darby,
MT,
59829,
(406) 821-0199","{name:""",Bitterroot Hide A Way RV Park,""", lat:",46.017965,",",lon:,-114.177779,"},","{name:""Bitterroot Hide A Way RV Park"", lat:46.017965,lon:-114.177779},"
-114.15858,46.27362,Black Rabbit RV Park,"2101 N 1st St,
Hamilton,
MT,
59840,
(406) 363-3744","{name:""",Black Rabbit RV Park,""", lat:",46.27362,",",lon:,-114.15858,"},","{name:""Black Rabbit RV Park"", lat:46.27362,lon:-114.15858},"
-115.05894,48.96744,Blue Mountain RV Park,"5865 U.S. 93,
Eureka,
MT,
59917,
(406) 889-3868","{name:""",Blue Mountain RV Park,""", lat:",48.96744,",",lon:,-115.05894,"},","{name:""Blue Mountain RV Park"", lat:48.96744,lon:-115.05894},"
-115.85268,48.02753,Cabinet Gorge RV Park,"30 Blue Jay Lane,
Noxon,
MT,
59853,
(406) 847-2291","{name:""",Cabinet Gorge RV Park,""", lat:",48.02753,",",lon:,-115.85268,"},","{name:""Cabinet Gorge RV Park"", lat:48.02753,lon:-115.85268},"
-111.60244,45.90313,Camp Three Forks,"15 KOA Road,
Three Forks,
MT,
59752,
(406) 285-3611","{name:""",Camp Three Forks,""", lat:",45.90313,",",lon:,-111.60244,"},","{name:""Camp Three Forks"", lat:45.90313,lon:-111.60244},"
-111.597624,45.920724,Fort Three Forks Motel and RV Park,"10776 U.S. 287,
Three Forks,
MT,
59752,
(406) 285-3233","{name:""",Fort Three Forks Motel and RV Park,""", lat:",45.920724,",",lon:,-111.597624,"},","{name:""Fort Three Forks Motel and RV Park"", lat:45.920724,lon:-111.597624},"
-111.733798,45.349233,Camper Corner,"300 Main St,
Ennis,
MT,
59729,
(406) 682-4514","{name:""",Camper Corner,""", lat:",45.349233,",",lon:,-111.733798,"},","{name:""Camper Corner"", lat:45.349233,lon:-111.733798},"
-112.934648,46.282439,Racetrack Campground,",
Deer Lodge,
MT,
59722,
(406) 859-3211","{name:""",Racetrack Campground,""", lat:",46.282439,",",lon:,-112.934648,"},","{name:""Racetrack Campground"", lat:46.282439,lon:-112.934648},"
-115.13255,47.30044,Campground St. Regis,"44 Frontage Road West,
Saint Regis,
MT,
59866,
(406) 649-2470","{name:""",Campground St. Regis,""", lat:",47.30044,",",lon:,-115.13255,"},","{name:""Campground St. Regis"", lat:47.30044,lon:-115.13255},"
-114.13707,46.575737,Bitterroot NF Charles Waters Campground,"Charles Waters Camp Rd,
Stevensville,
MT,
,
(406) 777-5461","{name:""",Bitterroot NF Charles Waters Campground,""", lat:",46.575737,",",lon:,-114.13707,"},","{name:""Bitterroot NF Charles Waters Campground"", lat:46.575737,lon:-114.13707},"
-114.041862,48.397193,Canyon RV Campground Cabins,"Box 7,
Hungry Horse,
MT,
59919,
(406) 387-9393","{name:""",Canyon RV Campground Cabins,""", lat:",48.397193,",",lon:,-114.041862,"},","{name:""Canyon RV Campground Cabins"", lat:48.397193,lon:-114.041862},"
-111.948681,45.869447,Cardwell Store  RV Park,"770 Montana 2,
Cardwell,
MT,
59721,
(406) 287-5092","{name:""",Cardwell Store  RV Park,""", lat:",45.869447,",",lon:,-111.948681,"},","{name:""Cardwell Store  RV Park"", lat:45.869447,lon:-111.948681},"
-113.662673,48.364799,Glacier Haven RV and Campground,"14297 Us-2 East,
West Glacier,
MT,
59916,
(406) 888-9987","{name:""",Glacier Haven RV and Campground,""", lat:",48.364799,",",lon:,-113.662673,"},","{name:""Glacier Haven RV and Campground"", lat:48.364799,lon:-113.662673},"
-109.838299,46.432922,Chief Joseph Park,",
Harlowton,
MT,
59036,
(406) 632-5523","{name:""",Chief Joseph Park,""", lat:",46.432922,",",lon:,-109.838299,"},","{name:""Chief Joseph Park"", lat:46.432922,lon:-109.838299},"
-109.721267,48.414901,Beaver Creek Park Campground,",
Havre,
MT,
59501,
(406) 395-4565","{name:""",Beaver Creek Park Campground,""", lat:",48.414901,",",lon:,-109.721267,"},","{name:""Beaver Creek Park Campground"", lat:48.414901,lon:-109.721267},"
-114.17855,48.36822,Columbia Falls RV Park,"1000 3rd Avenue East,
Columbia Falls,
MT,
59912,
(406) 892-1122","{name:""",Columbia Falls RV Park,""", lat:",48.36822,",",lon:,-114.17855,"},","{name:""Columbia Falls RV Park"", lat:48.36822,lon:-114.17855},"
-110.91163,46.54284,Conestoga Campground,",
White Sulphur Springs,
MT,
,
(406) 547-3890","{name:""",Conestoga Campground,""", lat:",46.54284,",",lon:,-110.91163,"},","{name:""Conestoga Campground"", lat:46.54284,lon:-110.91163},"
-109.230344,45.439296,Cooney State Park Campground,"86 Lake Shore Rd,
Roberts,
MT,
59070-9560,
(406) 445-2326","{name:""",Cooney State Park Campground,""", lat:",45.439296,",",lon:,-109.230344,"},","{name:""Cooney State Park Campground"", lat:45.439296,lon:-109.230344},"
-111.6788,45.20315,Cameron Store Cabins and RV Park,"3801 US Hwy. 287N,
Cameron,
MT,
,
(406) 682-7744","{name:""",Cameron Store Cabins and RV Park,""", lat:",45.20315,",",lon:,-111.6788,"},","{name:""Cameron Store Cabins and RV Park"", lat:45.20315,lon:-111.6788},"
-106.624265,48.19449,Cottonwood Inn  RV Park,"45 1st Ave NE,
Glasgow,
MT,
59230,
(406) 228-8213","{name:""",Cottonwood Inn  RV Park,""", lat:",48.19449,",",lon:,-106.624265,"},","{name:""Cottonwood Inn  RV Park"", lat:48.19449,lon:-106.624265},"
-112.70267,45.18042,Countryside RV Park LLC,"30 Sawmill Road,
Dillon,
MT,
59725,
(406) 683-9860","{name:""",Countryside RV Park LLC,""", lat:",45.18042,",",lon:,-112.70267,"},","{name:""Countryside RV Park LLC"", lat:45.18042,lon:-112.70267},"
-114.07236,48.38596,Crooked Tree Motel RV Park,"8688 Highway 2 E,
Hungry Horse,
MT,
59919,
(406) 387-5531","{name:""",Crooked Tree Motel RV Park,""", lat:",48.38596,",",lon:,-114.07236,"},","{name:""Crooked Tree Motel RV Park"", lat:48.38596,lon:-114.07236},"
-115.2616,47.37063,Lolo NF Cabin City Campground,"Twelvemile Creek Rd,
St Regis,
MT,
,
(406) 822-4233","{name:""",Lolo NF Cabin City Campground,""", lat:",47.37063,",",lon:,-115.2616,"},","{name:""Lolo NF Cabin City Campground"", lat:47.37063,lon:-115.2616},"
-109.89638,45.35222,Custer National Forest Woodbine Campground,"9 Castle Rock Lane,
Nye,
MT,
59061,
(406) 587-9054","{name:""",Custer National Forest Woodbine Campground,""", lat:",45.35222,",",lon:,-109.89638,"},","{name:""Custer National Forest Woodbine Campground"", lat:45.35222,lon:-109.89638},"
-113.27433,46.21094,Deerlodge National Forest Lodgepole Campground,",
Philipsburg,
MT,
,
(406) 832-3178","{name:""",Deerlodge National Forest Lodgepole Campground,""", lat:",46.21094,",",lon:,-113.27433,"},","{name:""Deerlodge National Forest Lodgepole Campground"", lat:46.21094,lon:-113.27433},"
-113.29369,46.20463,Deerlodge National Forest Philipsburg Bay Campground,",
Philipsburg,
MT,
,
(406) 859-3211","{name:""",Deerlodge National Forest Philipsburg Bay Campground,""", lat:",46.20463,",",lon:,-113.29369,"},","{name:""Deerlodge National Forest Philipsburg Bay Campground"", lat:46.20463,lon:-113.29369},"
-113.30486,46.19472,Deerlodge National Forest Piney Bay Campground,",
Philipsburg,
MT,
59858,
(406) 859-3211","{name:""",Deerlodge National Forest Piney Bay Campground,""", lat:",46.19472,",",lon:,-113.30486,"},","{name:""Deerlodge National Forest Piney Bay Campground"", lat:46.19472,lon:-113.30486},"
-111.330696,47.490768,Dick's RV Park,"1403 11th St SW,
Great Falls,
MT,
59404-3358,
(406) 452-0333","{name:""",Dick's RV Park,""", lat:",47.490768,",",lon:,-111.330696,"},","{name:""Dick's RV Park"", lat:47.490768,lon:-111.330696},"
-106.428527,48.007766,Downstream Coe-Fort Peck Lake,",
Fort Peck,
MT,
59223,
(406) 526-3411","{name:""",Downstream Coe-Fort Peck Lake,""", lat:",48.007766,",",lon:,-106.428527,"},","{name:""Downstream Coe-Fort Peck Lake"", lat:48.007766,lon:-106.428527},"
-111.5323,44.84829,Driftwaters Resort RV sites,"31 Sagebrush Way,
Cameron,
MT,
59720,
(406) 682-3088","{name:""",Driftwaters Resort RV sites,""", lat:",44.84829,",",lon:,-111.5323,"},","{name:""Driftwaters Resort RV sites"", lat:44.84829,lon:-111.5323},"
-114.11983,47.68933,Eagle Nest RV Resort,"35800 Eagle Nest Dr,
Polson,
MT,
59860,
(406) 883-5904","{name:""",Eagle Nest RV Resort,""", lat:",47.68933,",",lon:,-114.11983,"},","{name:""Eagle Nest RV Resort"", lat:47.68933,lon:-114.11983},"
-114.051708,47.703258,Flathead Lake RV Resort and Campground,"9 Regatta Road,
Polson,
MT,
59860,
(406) 883-6400","{name:""",Flathead Lake RV Resort and Campground,""", lat:",47.703258,",",lon:,-114.051708,"},","{name:""Flathead Lake RV Resort and Campground"", lat:47.703258,lon:-114.051708},"
-107.87738,48.36232,Edgewater Inn  RV Park,"47176 U.S. Hwy 2,
Malta,
MT,
59538,
(406) 654-1302","{name:""",Edgewater Inn  RV Park,""", lat:",48.36232,",",lon:,-107.87738,"},","{name:""Edgewater Inn  RV Park"", lat:48.36232,lon:-107.87738},"
-113.840137,47.920492,Swan Lake Trading Post and Campground,"22998 Montana 83,
Swan Lake,
MT,
59911,
(406) 886-2303","{name:""",Swan Lake Trading Post and Campground,""", lat:",47.920492,",",lon:,-113.840137,"},","{name:""Swan Lake Trading Post and Campground"", lat:47.920492,lon:-113.840137},"
-114.381776,47.927885,Lake Mary Ronan State Park Campground,"50623 Lk. Mary Ronan Rd.,
Proctor,
MT,
59929,
:(406) 755-2706","{name:""",Lake Mary Ronan State Park Campground,""", lat:",47.927885,",",lon:,-114.381776,"},","{name:""Lake Mary Ronan State Park Campground"", lat:47.927885,lon:-114.381776},"
-114.22626,48.02294,Edgewater Motel  RV Park ***,"7140 US 93 South,
Lakeside,
MT,
59922,
(406) 844-3644","{name:""",Edgewater Motel  RV Park ***,""", lat:",48.02294,",",lon:,-114.22626,"},","{name:""Edgewater Motel  RV Park ***"", lat:48.02294,lon:-114.22626},"
-113.66879,46.71599,Ekstrom's Stage Station,"81 Rock Creek Road,
Clinton,
MT,
59825,
(406) 825-3183","{name:""",Ekstrom's Stage Station,""", lat:",46.71599,",",lon:,-113.66879,"},","{name:""Ekstrom's Stage Station"", lat:46.71599,lon:-113.66879},"
-111.72896,45.36749,Ennis RV Village,"15 Geyser Street,
Ennis,
MT,
59729-8910,
(406) 682-5272","{name:""",Ennis RV Village,""", lat:",45.36749,",",lon:,-111.72896,"},","{name:""Ennis RV Village"", lat:45.36749,lon:-111.72896},"
-107.875124,48.361749,Riverside Motel & RV Park,"8 Central Ave,
Malta,
Mt,
59538,
(406) 654-2310","{name:""",Riverside Motel & RV Park,""", lat:",48.361749,",",lon:,-107.875124,"},","{name:""Riverside Motel & RV Park"", lat:48.361749,lon:-107.875124},"
-107.873009,48.363382,Trafton City Park (tents),"Central Ave,
Malta,
MT,
,
(406) 654-1251","{name:""",Trafton City Park (tents),""", lat:",48.363382,",",lon:,-107.873009,"},","{name:""Trafton City Park (tents)"", lat:48.363382,lon:-107.873009},"
-109.714607,48.556056,Great Northern Fairgrounds campsite,",
Havre,
MT,
59501,
(406) 265-7121","{name:""",Great Northern Fairgrounds campsite,""", lat:",48.556056,",",lon:,-109.714607,"},","{name:""Great Northern Fairgrounds campsite"", lat:48.556056,lon:-109.714607},"
-109.788657,48.510307,Evergreen Campground,"7350 US Hwy 87 W,
Havre,
MT,
59501,
(406) 265-8228","{name:""",Evergreen Campground,""", lat:",48.510307,",",lon:,-109.788657,"},","{name:""Evergreen Campground"", lat:48.510307,lon:-109.788657},"
-112.80529,46.04273,Fairmont RV Park,"1700 Fairmont Road,
Fairmont,
MT,
59711,
(406) 797-3505","{name:""",Fairmont RV Park,""", lat:",46.04273,",",lon:,-112.80529,"},","{name:""Fairmont RV Park"", lat:46.04273,lon:-112.80529},"
-110.57654,45.609928,Rock Canyon RV Park,"5070 U.S. 89,
Livingston,
MT,
59047,
(406) 222-7355","{name:""",Rock Canyon RV Park,""", lat:",45.609928,",",lon:,-110.57654,"},","{name:""Rock Canyon RV Park"", lat:45.609928,lon:-110.57654},"
-109.955119,48.594681,Fresno Beach Campground (BML),",
Havre,
Mt,
59501,
(406) 759-5077","{name:""",Fresno Beach Campground (BML),""", lat:",48.594681,",",lon:,-109.955119,"},","{name:""Fresno Beach Campground (BML)"", lat:48.594681,lon:-109.955119},"
-115.562267,48.391797,Firemans Park Campground,",
Libby,
MT,
59923,
(406) 293-4167","{name:""",Firemans Park Campground,""", lat:",48.391797,",",lon:,-115.562267,"},","{name:""Firemans Park Campground"", lat:48.391797,lon:-115.562267},"
-114.078611,47.76388,Flathead Lake Finley Point,"31453 S. Finley Point Rd.,
Finley Pt.,
MT,
59860,
(406) 751-4577","{name:""",Flathead Lake Finley Point,""", lat:",47.76388,",",lon:,-114.078611,"},","{name:""Flathead Lake Finley Point"", lat:47.76388,lon:-114.078611},"
-113.807625,46.820801,Turah RV Park LLC,"13555 Turah Road,
Clinton,
MT,
59825,
(406) 258-9773","{name:""",Turah RV Park LLC,""", lat:",46.820801,",",lon:,-113.807625,"},","{name:""Turah RV Park LLC"", lat:46.820801,lon:-113.807625},"
-113.61836,47.44108,Flathead National Forest Holland Lake Campground,",
Condon,
MT,
,
(406) 646-1012","{name:""",Flathead National Forest Holland Lake Campground,""", lat:",47.44108,",",lon:,-113.61836,"},","{name:""Flathead National Forest Holland Lake Campground"", lat:47.44108,lon:-113.61836},"
-113.808652,48.26608,Flathead National Forest Murray Bay Campground,",
Martin City,
MT,
,
(406) 646-1012","{name:""",Flathead National Forest Murray Bay Campground,""", lat:",48.26608,",",lon:,-113.808652,"},","{name:""Flathead National Forest Murray Bay Campground"", lat:48.26608,lon:-113.808652},"
-114.587703,48.414982,Flathead National Forest Tally Lake Campground,",
Whitefish,
MT,
,
(406) 646-1012","{name:""",Flathead National Forest Tally Lake Campground,""", lat:",48.414982,",",lon:,-114.587703,"},","{name:""Flathead National Forest Tally Lake Campground"", lat:48.414982,lon:-114.587703},"
-114.17558,47.69564,Flathead River Resort,"9 Regatta Road,
Polson,
MT,
59860-9463,
(406) 883-6400","{name:""",Flathead River Resort,""", lat:",47.69564,",",lon:,-114.17558,"},","{name:""Flathead River Resort"", lat:47.69564,lon:-114.17558},"
-110.89983,47.36408,Fort Ponderosa Campground,"568 Armington Road,
Belt,
MT,
59412-8303,
(406) 277-3232","{name:""",Fort Ponderosa Campground,""", lat:",47.36408,",",lon:,-110.89983,"},","{name:""Fort Ponderosa Campground"", lat:47.36408,lon:-110.89983},"
-111.10186,44.7035,Gallatin National Forest Baker's Hole Campground,"2850 Gallatin Road,
West Yellowstone,
MT,
59758,
(406) 646-1012","{name:""",Gallatin National Forest Baker's Hole Campground,""", lat:",44.7035,",",lon:,-111.10186,"},","{name:""Gallatin National Forest Baker's Hole Campground"", lat:44.7035,lon:-111.10186},"
-111.37254,44.86035,Gallatin National Forest Beaver Creek Campground,",
West Yellowstone,
MT,
59758,
(406) 823-6961","{name:""",Gallatin National Forest Beaver Creek Campground,""", lat:",44.86035,",",lon:,-111.37254,"},","{name:""Gallatin National Forest Beaver Creek Campground"", lat:44.86035,lon:-111.37254},"
-111.23193,44.73427,Gallatin National Forest Lonesomehurst Campground,",
West Yellowstone,
MT,
59758,
(406) 823-6961","{name:""",Gallatin National Forest Lonesomehurst Campground,""", lat:",44.73427,",",lon:,-111.23193,"},","{name:""Gallatin National Forest Lonesomehurst Campground"", lat:44.73427,lon:-111.23193},"
-111.16344,44.75722,Gallatin National Forest Rainbow Point Campground,",
West Yellowstone,
MT,
59758,
(406) 823-6961","{name:""",Gallatin National Forest Rainbow Point Campground,""", lat:",44.75722,",",lon:,-111.16344,"},","{name:""Gallatin National Forest Rainbow Point Campground"", lat:44.75722,lon:-111.16344},"
-113.99988,48.48508,Glacier Campground,"64 Grinnell Drive,
West Glacier,
MT,
59936,
(406) 888-7800","{name:""",Glacier Campground,""", lat:",48.48508,",",lon:,-113.99988,"},","{name:""Glacier Campground"", lat:48.48508,lon:-113.99988},"
-113.4438,48.26656,Glacier Meadow RV Park,"15735 US Hwy 2 E,
Essex,
MT,
59916,
(406) 226-4479","{name:""",Glacier Meadow RV Park,""", lat:",48.26656,",",lon:,-113.4438,"},","{name:""Glacier Meadow RV Park"", lat:48.26656,lon:-113.4438},"
-112.665049,44.566719,East Creek Campground,",
Lima,
MT,
59739,
(530) 233-5811","{name:""",East Creek Campground,""", lat:",44.566719,",",lon:,-112.665049,"},","{name:""East Creek Campground"", lat:44.566719,lon:-112.665049},"
-111.111336,44.660674,Fort Jax RV Park,"615 Madison Ave,
West Yellowstone,
MT,
59758,
(406) 646-7729","{name:""",Fort Jax RV Park,""", lat:",44.660674,",",lon:,-111.111336,"},","{name:""Fort Jax RV Park"", lat:44.660674,lon:-111.111336},"
-113.579128,45.321301,Miner Lake Campground,"Beaverhead-Deerlodge National Forest,
Wisdom,
MT,
59761,
(406) 689-3243","{name:""",Miner Lake Campground,""", lat:",45.321301,",",lon:,-113.579128,"},","{name:""Miner Lake Campground"", lat:45.321301,lon:-113.579128},"
-113.454705,45.120777,Reservoir Lake Campground,",
Dillon,
MT,
59725,
(406) 683-3900","{name:""",Reservoir Lake Campground,""", lat:",45.120777,",",lon:,-113.454705,"},","{name:""Reservoir Lake Campground"", lat:45.120777,lon:-113.454705},"
-113.976829,48.528204,Glacier National Park Apgar Campground,"64 Grinnell Drive,
West Glacier,
MT,
59936,
(406) 888-7800","{name:""",Glacier National Park Apgar Campground,""", lat:",48.528204,",",lon:,-113.976829,"},","{name:""Glacier National Park Apgar Campground"", lat:48.528204,lon:-113.976829},"
-113.819279,48.679632,Glacier National Park Avalanche Creek Campground,"64 Grinnell Drive,
West Glacier,
MT,
59936,
(406) 888-7800","{name:""",Glacier National Park Avalanche Creek Campground,""", lat:",48.679632,",",lon:,-113.819279,"},","{name:""Glacier National Park Avalanche Creek Campground"", lat:48.679632,lon:-113.819279},"
-113.98586,48.54777,Glacier National Park Fish Creek Campground,"64 Grinnell Drive,
West Glacier,
MT,
59936,
(406) 888-7800","{name:""",Glacier National Park Fish Creek Campground,""", lat:",48.54777,",",lon:,-113.98586,"},","{name:""Glacier National Park Fish Creek Campground"", lat:48.54777,lon:-113.98586},"
-113.44717,48.750226,Glacier National Park St. Mary Lake Campground,"64 Grinnell Drive,
West Glacier,
MT,
59936,
(406) 888-7800","{name:""",Glacier National Park St. Mary Lake Campground,""", lat:",48.750226,",",lon:,-113.44717,"},","{name:""Glacier National Park St. Mary Lake Campground"", lat:48.750226,lon:-113.44717},"
-113.417788,48.82549,Glacier National Park Chewing Blackbones Campground,"64 Grinnell Drive,
West Glacier,
MT,
59936,
(406) 888-7800","{name:""",Glacier National Park Chewing Blackbones Campground,""", lat:",48.82549,",",lon:,-113.417788,"},","{name:""Glacier National Park Chewing Blackbones Campground"", lat:48.82549,lon:-113.417788},"
-114.2023,48.82813,Glacier NP Bowman Lake Campground,"64 Grinnell Drive,
West Glacier,
MT,
59936,
(406) 888-7800","{name:""",Glacier NP Bowman Lake Campground,""", lat:",48.82813,",",lon:,-114.2023,"},","{name:""Glacier NP Bowman Lake Campground"", lat:48.82813,lon:-114.2023},"
-114.14883,48.3633,Glacier Park Motel Campground,"7285  Hwy 2 E,
Columbia Falls,
MT,
59912,
(406) 892-7686","{name:""",Glacier Park Motel Campground,""", lat:",48.3633,",",lon:,-114.14883,"},","{name:""Glacier Park Motel Campground"", lat:48.3633,lon:-114.14883},"
-114.24583,48.37091,Glacier Peaks RV Park,"3185 Montana 40,
Columbia Falls,
MT,
59912,
(406) 892-2133","{name:""",Glacier Peaks RV Park,""", lat:",48.37091,",",lon:,-114.24583,"},","{name:""Glacier Peaks RV Park"", lat:48.37091,lon:-114.24583},"
-113.36684,48.485858,Glacier NP  Two Medicine Campground,"Two Medicine Rd,
East Glacier Park Village,
MT,
,
(406) 888-7800","{name:""",Glacier NP  Two Medicine Campground,""", lat:",48.485858,",",lon:,-113.36684,"},","{name:""Glacier NP  Two Medicine Campground"", lat:48.485858,lon:-113.36684},"
-114.25389,48.22365,Glacier Pines RV Park,"120 Swan Mountain Dr,
Kalispell,
MT,
59901-1306,
(406) 752-2760","{name:""",Glacier Pines RV Park,""", lat:",48.22365,",",lon:,-114.25389,"},","{name:""Glacier Pines RV Park"", lat:48.22365,lon:-114.25389},"
-104.6946,47.12581,Glendive RV Park  Campground,"201 California St.,
Glendive,
MT,
59330,
(406) 377-6721","{name:""",Glendive RV Park  Campground,""", lat:",47.12581,",",lon:,-104.6946,"},","{name:""Glendive RV Park  Campground"", lat:47.12581,lon:-104.6946},"
-104.72752,47.12251,Green Valley Campground,"124 Green Valley Ln # 16,
Glendive,
MT,
59330-9243,
(406) 377-1944","{name:""",Green Valley Campground,""", lat:",47.12251,",",lon:,-104.72752,"},","{name:""Green Valley Campground"", lat:47.12251,lon:-104.72752},"
-114.298914,48.206329,Greenwood Village RV Park,"1100 East Oregon Street,
Kalispell,
MT,
59901,
(406) 257-7719","{name:""",Greenwood Village RV Park,""", lat:",48.206329,",",lon:,-114.298914,"},","{name:""Greenwood Village RV Park"", lat:48.206329,lon:-114.298914},"
-114.369295,48.422569,Whitefish Lake State Park,"1615 E Lakeshore Dr,
Whitefish,
MT,
59937,
(406) 862-3991","{name:""",Whitefish Lake State Park,""", lat:",48.422569,",",lon:,-114.369295,"},","{name:""Whitefish Lake State Park"", lat:48.422569,lon:-114.369295},"
-109.661995,48.552178,Havre RV Park Travel Plaza,"1415 1st St,
Havre,
MT,
59501,
(406) 265-8861","{name:""",Havre RV Park Travel Plaza,""", lat:",48.552178,",",lon:,-109.661995,"},","{name:""Havre RV Park Travel Plaza"", lat:48.552178,lon:-109.661995},"
-112.021455,46.656955,Helena Campground And Rv Park,"5820 North Montana Avenue,
Helena,
MT,
59602,
(406) 458-4714","{name:""",Helena Campground And Rv Park,""", lat:",46.656955,",",lon:,-112.021455,"},","{name:""Helena Campground And Rv Park"", lat:46.656955,lon:-112.021455},"
-106.886676,47.61678,Hell Creek State Park,",
Miles City,
MT,
59301,
(406) 557-2362","{name:""",Hell Creek State Park,""", lat:",47.61678,",",lon:,-106.886676,"},","{name:""Hell Creek State Park"", lat:47.61678,lon:-106.886676},"
-111.658787,44.996892,South Madison Campground,"5 Forest Service Road,
Ennis,
MT,
59729,
(406) 682-4253","{name:""",South Madison Campground,""", lat:",44.996892,",",lon:,-111.658787,"},","{name:""South Madison Campground"", lat:44.996892,lon:-111.658787},"
-111.580421,44.887809,West Fork Cabin Camp,"24 Sundance Bench Rd,
Cameron,
MT,
59720,
(406) 682-4802","{name:""",West Fork Cabin Camp,""", lat:",44.887809,",",lon:,-111.580421,"},","{name:""West Fork Cabin Camp"", lat:44.887809,lon:-111.580421},"
-111.665779,45.060798,West Madison Campground BLM,"Selway Dr,
Ennis,
MT,
,
(406) 683-2337","{name:""",West Madison Campground BLM,""", lat:",45.060798,",",lon:,-111.665779,"},","{name:""West Madison Campground BLM"", lat:45.060798,lon:-111.665779},"
-109.450779,45.173226,Custer NF Cascade Campground,"W Fork Rd,
Red Lodge,
MT,
,
(406) 446-2103","{name:""",Custer NF Cascade Campground,""", lat:",45.173226,",",lon:,-109.450779,"},","{name:""Custer NF Cascade Campground"", lat:45.173226,lon:-109.450779},"
-111.302083,44.842998,Kirkwood Resort & Marina,"35 Kirkwood Creek Rd,
West Yellowstone,
MT,
59758,
(406) 646-7200","{name:""",Kirkwood Resort & Marina,""", lat:",44.842998,",",lon:,-111.302083,"},","{name:""Kirkwood Resort & Marina"", lat:44.842998,lon:-111.302083},"
-111.499686,45.920352,Missouri Headwaters SP Campground,"1585 Trident Rd,
Three Forks,
MT,
,
(406) 285-3610","{name:""",Missouri Headwaters SP Campground,""", lat:",45.920352,",",lon:,-111.499686,"},","{name:""Missouri Headwaters SP Campground"", lat:45.920352,lon:-111.499686},"
-109.410181,45.058593,Custer NF Greenough Lake Campground,"Rock Creek Rd,
Red Lodge,
MT,
,
(406) 466-2103","{name:""",Custer NF Greenough Lake Campground,""", lat:",45.058593,",",lon:,-109.410181,"},","{name:""Custer NF Greenough Lake Campground"", lat:45.058593,lon:-109.410181},"
-111.587609,46.521408,Canyon Ferry Lake - White Earth Campground,"Beaver Creek Rd,
Helena,
MT,
,
(406) 475-3310","{name:""",Canyon Ferry Lake - White Earth Campground,""", lat:",46.521408,",",lon:,-111.587609,"},","{name:""Canyon Ferry Lake - White Earth Campground"", lat:46.521408,lon:-111.587609},"
-113.165038,46.169868,Deerlodge NF Spring Hill Campground,"Rt 1,
Anaconda,
MT,
,
(406) 683-3900","{name:""",Deerlodge NF Spring Hill Campground,""", lat:",46.169868,",",lon:,-113.165038,"},","{name:""Deerlodge NF Spring Hill Campground"", lat:46.169868,lon:-113.165038},"
-112.780953,45.885203,Deerlodge NF Beaverdam Campground,"Divide Creek Rd,
Butte,
MT,
,
(406) 494-2147","{name:""",Deerlodge NF Beaverdam Campground,""", lat:",45.885203,",",lon:,-112.780953,"},","{name:""Deerlodge NF Beaverdam Campground"", lat:45.885203,lon:-112.780953},"
-114.037916,45.843821,Bitterroot NF Warm Springs Campground,"FR 370,
Sula,
MT,
,
(406) 821-3201","{name:""",Bitterroot NF Warm Springs Campground,""", lat:",45.843821,",",lon:,-114.037916,"},","{name:""Bitterroot NF Warm Springs Campground"", lat:45.843821,lon:-114.037916},"
-113.909383,48.280244,Flathead NF Lid Creek Campground,"FR 895,
Hungry Horse,
MT,
,
(406) 387-3800","{name:""",Flathead NF Lid Creek Campground,""", lat:",48.280244,",",lon:,-113.909383,"},","{name:""Flathead NF Lid Creek Campground"", lat:48.280244,lon:-113.909383},"
-113.964304,48.309188,Flathead NF Lost Johnny Point Campground,"FR 895,
Hungry Horse,
MT,
,
(406) 387-3800","{name:""",Flathead NF Lost Johnny Point Campground,""", lat:",48.309188,",",lon:,-113.964304,"},","{name:""Flathead NF Lost Johnny Point Campground"", lat:48.309188,lon:-113.964304},"
-113.955796,48.335734,Flathead NF Emery Bay Campground,"Rt 38,
Hungry Horse,
MT,
,
(406) 387-3800","{name:""",Flathead NF Emery Bay Campground,""", lat:",48.335734,",",lon:,-113.955796,"},","{name:""Flathead NF Emery Bay Campground"", lat:48.335734,lon:-113.955796},"
-113.46537,48.251734,Flathead NF Devil Creek Campground,"Hwy 2,
Hungry Horse,
MT,
,
(406) 646-1012","{name:""",Flathead NF Devil Creek Campground,""", lat:",48.251734,",",lon:,-113.46537,"},","{name:""Flathead NF Devil Creek Campground"", lat:48.251734,lon:-113.46537},"
-113.351848,48.318657,Lewis and Clark NF Summit Campground,"Hwy 2,
East Glacier,
MT,
,
(406) 727-8733","{name:""",Lewis and Clark NF Summit Campground,""", lat:",48.318657,",",lon:,-113.351848,"},","{name:""Lewis and Clark NF Summit Campground"", lat:48.318657,lon:-113.351848},"
-111.990543,46.994862,Holter Lake Campground,"1380 Beartooth Rd,
Wolf Creek,
MT,
59648,
(406) 533-7600","{name:""",Holter Lake Campground,""", lat:",46.994862,",",lon:,-111.990543,"},","{name:""Holter Lake Campground"", lat:46.994862,lon:-111.990543},"
-109.9174,45.02378,Gallatin NF Soda Butte Campground,"Hwy 212,
Cooke City,
MT,
,
(406) 848-7375","{name:""",Gallatin NF Soda Butte Campground,""", lat:",45.02378,",",lon:,-109.9174,"},","{name:""Gallatin NF Soda Butte Campground"", lat:45.02378,lon:-109.9174},"
-109.8951,45.027,Gallatin NF  Colter Campground,"Hwy 212,
Cooke City,
MT,
,
(406) 848-7375","{name:""",Gallatin NF  Colter Campground,""", lat:",45.027,",",lon:,-109.8951,"},","{name:""Gallatin NF  Colter Campground"", lat:45.027,lon:-109.8951},"
-109.872675,45.018645,Gallatin NF  Chief Joseph Campground,"Hwy 212,
Cooke City,
MT,
,
(406) 848-7375","{name:""",Gallatin NF  Chief Joseph Campground,""", lat:",45.018645,",",lon:,-109.872675,"},","{name:""Gallatin NF  Chief Joseph Campground"", lat:45.018645,lon:-109.872675},"
-115.30723,48.40004,Hook-U-up RV Park,"Jennings Hiline Dr,
Libby,
MT,
59923,
(406) 293-6869","{name:""",Hook-U-up RV Park,""", lat:",48.40004,",",lon:,-115.30723,"},","{name:""Hook-U-up RV Park"", lat:48.40004,lon:-115.30723},"
-112.72517,46.40864,Indian Creek RV Campground,"745 Maverick Lane,
Deer Lodge,
MT,
59722-2347,
(406) 846-3848","{name:""",Indian Creek RV Campground,""", lat:",46.40864,",",lon:,-112.72517,"},","{name:""Indian Creek RV Campground"", lat:46.40864,lon:-112.72517},"
-109.25171,45.62905,Itch-kep-pe Park City Park (free no hookups),",
Columbus,
MT,
,
(406) 322-5313","{name:""",Itch-kep-pe Park City Park (free no hookups),""", lat:",45.62905,",",lon:,-109.25171,"},","{name:""Itch-kep-pe Park City Park (free no hookups)"", lat:45.62905,lon:-109.25171},"
-114.825346,47.30659,Lolo NF Cascade Campground,"Rt 135,
Plains,
MT,
,
(406) 587-9054","{name:""",Lolo NF Cascade Campground,""", lat:",47.30659,",",lon:,-114.825346,"},","{name:""Lolo NF Cascade Campground"", lat:47.30659,lon:-114.825346},"
-108.687497,47.62294,James Kipp Recreation Area BLM,"Hwy 191,
Roy,
MT,
59489,
(406) 538-1900","{name:""",James Kipp Recreation Area BLM,""", lat:",47.62294,",",lon:,-108.687497,"},","{name:""James Kipp Recreation Area BLM"", lat:47.62294,lon:-108.687497},"
-108.522663,47.91674,Buckhorn Cabins & RV Park,"143 Whitcomb St,
Zortman,
MT,
59546,
(406) 673-3162","{name:""",Buckhorn Cabins & RV Park,""", lat:",47.91674,",",lon:,-108.522663,"},","{name:""Buckhorn Cabins & RV Park"", lat:47.91674,lon:-108.522663},"
-108.798707,47.025506,Little Montana Truckstop Campground,",
Grass Range,
MT,
59032,
(406) 428-2270","{name:""",Little Montana Truckstop Campground,""", lat:",47.025506,",",lon:,-108.798707,"},","{name:""Little Montana Truckstop Campground"", lat:47.025506,lon:-108.798707},"
-111.556094,44.797881,Hilltop Campground,",
Cameron,
MT,
59720,
(406) 682-4253","{name:""",Hilltop Campground,""", lat:",44.797881,",",lon:,-111.556094,"},","{name:""Hilltop Campground"", lat:44.797881,lon:-111.556094},"
-114.13208,46.96172,Jellystone RV Park,"9900 Jellystone Drive,
Missoula,
MT,
59808-8425,
(406) 543-9400","{name:""",Jellystone RV Park,""", lat:",46.96172,",",lon:,-114.13208,"},","{name:""Jellystone RV Park"", lat:46.96172,lon:-114.13208},"
-114.13062,46.96473,Jim  Mary's RV Park,"9800 US Highway 93 N,
Missoula,
MT,
59808-8989,
(406) 549-4416","{name:""",Jim  Mary's RV Park,""", lat:",46.96473,",",lon:,-114.13062,"},","{name:""Jim  Mary's RV Park"", lat:46.96473,lon:-114.13062},"
-113.42602,48.74983,Johnson's of St. Mary Campground  RV Park,"21 Red Eagle Road,
Browning,
MT,
59417,
(406) 732-5565","{name:""",Johnson's of St. Mary Campground  RV Park,""", lat:",48.74983,",",lon:,-113.42602,"},","{name:""Johnson's of St. Mary Campground  RV Park"", lat:48.74983,lon:-113.42602},"
-111.699266,46.653343,Kim's Marina  Resort,"8015 Canyon Ferry Road,
Helena,
MT,
59602,
(406) 475-3723","{name:""",Kim's Marina  Resort,""", lat:",46.653343,",",lon:,-111.699266,"},","{name:""Kim's Marina  Resort"", lat:46.653343,lon:-111.699266},"
-112.100431,45.321109,KOA Alder,"2280 Montana 287,
Alder,
MT,
59710,
(406) 842-5677","{name:""",KOA Alder,""", lat:",45.321109,",",lon:,-112.100431,"},","{name:""KOA Alder"", lat:45.321109,lon:-112.100431},"
-109.79996,45.77316,KOA Big Timber,"693 Hwy 10 East,
Big Timber,
MT,
59011,
(406) 932-6569","{name:""",KOA Big Timber,""", lat:",45.77316,",",lon:,-109.79996,"},","{name:""KOA Big Timber"", lat:45.77316,lon:-109.79996},"
-108.48501,45.75923,KOA Billings,"547 Garden Avenue,
Billings,
MT,
59101-5735,
(406) 252-3104","{name:""",KOA Billings,""", lat:",45.75923,",",lon:,-108.48501,"},","{name:""KOA Billings"", lat:45.75923,lon:-108.48501},"
-111.18901,45.65903,KOA Bozeman,"81123 Gallatin Road,
Bozeman,
MT,
59718,
(406) 587-3030","{name:""",KOA Bozeman,""", lat:",45.65903,",",lon:,-111.18901,"},","{name:""KOA Bozeman"", lat:45.65903,lon:-111.18901},"
-112.53009,45.994127,KOA Butte Montana,"1601 Kaw Avenue,
Butte,
MT,
59701,
(406) 782-8080","{name:""",KOA Butte Montana,""", lat:",45.994127,",",lon:,-112.53009,"},","{name:""KOA Butte Montana"", lat:45.994127,lon:-112.53009},"
-112.16658,47.81576,Choteau Campgrounds,"85 Mt  Hwy 221,
Choteau,
MT,
59422,
(406) 466-2615","{name:""",Choteau Campgrounds,""", lat:",47.81576,",",lon:,-112.16658,"},","{name:""Choteau Campgrounds"", lat:47.81576,lon:-112.16658},"
-112.740859,46.398204,KOA Deer Lodge,"330 Park Street,
Deer Lodge,
MT,
59722,
(406) 846-1629","{name:""",KOA Deer Lodge,""", lat:",46.398204,",",lon:,-112.740859,"},","{name:""KOA Deer Lodge"", lat:46.398204,lon:-112.740859},"
-112.65059,45.21824,KOA Dillon,"735 West Park Street,
Dillon,
MT,
59725-9720,
(406) 683-2749","{name:""",KOA Dillon,""", lat:",45.21824,",",lon:,-112.65059,"},","{name:""KOA Dillon"", lat:45.21824,lon:-112.65059},"
-111.22189,47.49367,KOA Great Falls,"1500 51st Street South,
Great Falls,
MT,
59405,
(406) 727-3191","{name:""",KOA Great Falls,""", lat:",47.49367,",",lon:,-111.22189,"},","{name:""KOA Great Falls"", lat:47.49367,lon:-111.22189},"
-108.54173,46.450676,Ideal Motel and RV Park,"926 Main St,
Roundup,
MT,
,
(406) 247-0740","{name:""",Ideal Motel and RV Park,""", lat:",46.450676,",",lon:,-108.54173,"},","{name:""Ideal Motel and RV Park"", lat:46.450676,lon:-108.54173},"
-107.612942,45.7636,KOA Hardin,"Rr 1 Box 1009,
Hardin,
MT,
59034-9707,
(406) 665-1635","{name:""",KOA Hardin,""", lat:",45.7636,",",lon:,-107.612942,"},","{name:""KOA Hardin"", lat:45.7636,lon:-107.612942},"
-109.625896,47.741882,Judith Landing Campground,",
Big Sandy,
MT,
59520,
(406) 622-4000","{name:""",Judith Landing Campground,""", lat:",47.741882,",",lon:,-109.625896,"},","{name:""Judith Landing Campground"", lat:47.741882,lon:-109.625896},"
-113.421632,46.6979,Bearmouth RV Park,"Drummond Frontage Road,
Clinton,
MT,
59825,
(406) 825-9950","{name:""",Bearmouth RV Park,""", lat:",46.6979,",",lon:,-113.421632,"},","{name:""Bearmouth RV Park"", lat:46.6979,lon:-113.421632},"
-107.93543,47.432645,Crooked Creek Campground,",
Winnett,
MT,
59087,
(403) 653-1100","{name:""",Crooked Creek Campground,""", lat:",47.432645,",",lon:,-107.93543,"},","{name:""Crooked Creek Campground"", lat:47.432645,lon:-107.93543},"
-110.57941,45.51075,KOA Livingston Paradise Valley,"163 Pine Creek Road,
Livingston,
MT,
59047-9119,
(406) 222-0992","{name:""",KOA Livingston Paradise Valley,""", lat:",45.51075,",",lon:,-110.57941,"},","{name:""KOA Livingston Paradise Valley"", lat:45.51075,lon:-110.57941},"
-105.85874,46.40598,KOA Miles City,"1 Palmer Street,
Miles City,
MT,
59301,
(406) 232-3991","{name:""",KOA Miles City,""", lat:",46.40598,",",lon:,-105.85874,"},","{name:""KOA Miles City"", lat:46.40598,lon:-105.85874},"
-114.042558,46.896022,KOA Missoula,"3450 Tina Avenue,
Missoula,
MT,
59808-1372,
(406) 541-1881","{name:""",KOA Missoula,""", lat:",46.896022,",",lon:,-114.042558,"},","{name:""KOA Missoula"", lat:46.896022,lon:-114.042558},"
-114.18427,47.70012,KOA Polson-Flathead Lake,"200 Irvine Flats Road,
Polson,
MT,
59860-9250,
(406) 883-2151","{name:""",KOA Polson-Flathead Lake,""", lat:",47.70012,",",lon:,-114.18427,"},","{name:""KOA Polson-Flathead Lake"", lat:47.70012,lon:-114.18427},"
-109.2289,45.25748,KOA Red Lodge,"7464 US Hwy 212,
Red Lodge,
MT,
59068-9649,
(406) 446-2364","{name:""",KOA Red Lodge,""", lat:",45.25748,",",lon:,-109.2289,"},","{name:""KOA Red Lodge"", lat:45.25748,lon:-109.2289},"
-113.437011,48.757912,KOA St. Mary Glacier Park,"106 W Shore Dr,
Browning,
MT,
59417,
(406) 732-4122","{name:""",KOA St. Mary Glacier Park,""", lat:",48.757912,",",lon:,-113.437011,"},","{name:""KOA St. Mary Glacier Park"", lat:48.757912,lon:-113.437011},"
-111.58056,46.41422,KOA Townsend/Canyon Ferry Lake,"81 Silos Road,
Townsend,
MT,
59644-9654,
(406) 266-3100","{name:""",KOA Townsend/Canyon Ferry Lake,""", lat:",46.41422,",",lon:,-111.58056,"},","{name:""KOA Townsend/Canyon Ferry Lake"", lat:46.41422,lon:-111.58056},"
-113.98113,48.464552,KOA West Glacier,"355 Halfmoon Flats,
West Glacier,
MT,
59936,
(406) 387-5341","{name:""",KOA West Glacier,""", lat:",48.464552,",",lon:,-113.98113,"},","{name:""KOA West Glacier"", lat:48.464552,lon:-113.98113},"
-114.33525,48.34665,KOA Whitefish Glacier Park,"5121  Hwy 93 S,
Whitefish,
MT,
59937,
(406) 862-4242","{name:""",KOA Whitefish Glacier Park,""", lat:",48.34665,",",lon:,-114.33525,"},","{name:""KOA Whitefish Glacier Park"", lat:48.34665,lon:-114.33525},"
-111.21793,44.68604,KOA Yellowstone Park,"3305 Targhee Pass Hwy West,
Yellowstone,
MT,
59758,
(800) 562-7591","{name:""",KOA Yellowstone Park,""", lat:",44.68604,",",lon:,-111.21793,"},","{name:""KOA Yellowstone Park"", lat:44.68604,lon:-111.21793},"
-115.304798,48.486259,Kootenai National Forest McGillivray Campground,",
Libby,
MT,
,
(406) 293-7773","{name:""",Kootenai National Forest McGillivray Campground,""", lat:",48.486259,",",lon:,-115.304798,"},","{name:""Kootenai National Forest McGillivray Campground"", lat:48.486259,lon:-115.304798},"
-113.19573,46.688645,Good Time Camping and RV Park,"239 Drummond Frontage Rd,
Drummond,
MT,
59832,
(406) 288-3608","{name:""",Good Time Camping and RV Park,""", lat:",46.688645,",",lon:,-113.19573,"},","{name:""Good Time Camping and RV Park"", lat:46.688645,lon:-113.19573},"
-114.835963,48.720439,Kootenai National Forest North Dickey Lake Campground,",
Eureka,
MT,
,
(406) 882-4451","{name:""",Kootenai National Forest North Dickey Lake Campground,""", lat:",48.720439,",",lon:,-114.835963,"},","{name:""Kootenai National Forest North Dickey Lake Campground"", lat:48.720439,lon:-114.835963},"
-115.304028,48.724791,Kootenai National Forest Peck Gulch Campground,",
Eureka,
MT,
,
(406) 296-2536","{name:""",Kootenai National Forest Peck Gulch Campground,""", lat:",48.724791,",",lon:,-115.304028,"},","{name:""Kootenai National Forest Peck Gulch Campground"", lat:48.724791,lon:-115.304028},"
-115.310207,48.652584,Kootenai NF Rocky Gorge Campground,"Rt 37,
Eureka,
MT,
,
(406) 293-6211","{name:""",Kootenai NF Rocky Gorge Campground,""", lat:",48.652584,",",lon:,-115.310207,"},","{name:""Kootenai NF Rocky Gorge Campground"", lat:48.652584,lon:-115.310207},"
-111.685888,45.572672,Beartrap Hot Springs Campground,",
Norris,
MT,
59745,
","{name:""",Beartrap Hot Springs Campground,""", lat:",45.572672,",",lon:,-111.685888,"},","{name:""Beartrap Hot Springs Campground"", lat:45.572672,lon:-111.685888},"
-115.919914,48.500172,Kootenai River Campground,"11251 US Hwy 2,
Troy,
MT,
59935,
(406) 295-4090","{name:""",Kootenai River Campground,""", lat:",48.500172,",",lon:,-115.919914,"},","{name:""Kootenai River Campground"", lat:48.500172,lon:-115.919914},"
-111.854975,48.520063,Lake Sheloole Park City of Shelby,"1210 Oilfield Avenue,
Shelby,
MT,
59474,
(406) 434-5222","{name:""",Lake Sheloole Park City of Shelby,""", lat:",48.520063,",",lon:,-111.854975,"},","{name:""Lake Sheloole Park City of Shelby"", lat:48.520063,lon:-111.854975},"
-114.24136,48.35353,LaSalle RV Park,"5618 US Highway 2 W,
Columbia Falls,
MT,
59912,
(406) 892-4668","{name:""",LaSalle RV Park,""", lat:",48.35353,",",lon:,-114.24136,"},","{name:""LaSalle RV Park"", lat:48.35353,lon:-114.24136},"
-113.884728,48.606142,Glacier NP Sprague Creek Campground,"Going to the Sun Road,
West Glacier,
MT,
,
(406) 888-7800","{name:""",Glacier NP Sprague Creek Campground,""", lat:",48.606142,",",lon:,-113.884728,"},","{name:""Glacier NP Sprague Creek Campground"", lat:48.606142,lon:-113.884728},"
-112.88339,47.49049,Lewis  Clark National Forest Benchmark Campground,",
Augusta,
MT,
,
(406) 466-5341","{name:""",Lewis  Clark National Forest Benchmark Campground,""", lat:",47.49049,",",lon:,-112.88339,"},","{name:""Lewis  Clark National Forest Benchmark Campground"", lat:47.49049,lon:-112.88339},"
-109.51072,46.79481,Lewis Clark National Forest Crystal Lake Campground,"Crystal Lake Rd,
Lewistown,
MT,
59464,
(406) 535-3045","{name:""",Lewis Clark National Forest Crystal Lake Campground,""", lat:",46.79481,",",lon:,-109.51072,"},","{name:""Lewis Clark National Forest Crystal Lake Campground"", lat:46.79481,lon:-109.51072},"
-110.51575,46.97972,Lewis Clark National Forest Dry Wolf Campground,",
Stanford,
MT,
,
(406) 566-2292","{name:""",Lewis Clark National Forest Dry Wolf Campground,""", lat:",46.97972,",",lon:,-110.51575,"},","{name:""Lewis Clark National Forest Dry Wolf Campground"", lat:46.97972,lon:-110.51575},"
-112.75481,47.60435,Lewis Clark National Forest Mortimer Gulch Campground,",
Augusta,
MT,
,
(406) 727-8733","{name:""",Lewis Clark National Forest Mortimer Gulch Campground,""", lat:",47.60435,",",lon:,-112.75481,"},","{name:""Lewis Clark National Forest Mortimer Gulch Campground"", lat:47.60435,lon:-112.75481},"
-111.85854,48.52479,Lewis Clark RV Park,"1535 Oilfield Avenue,
Shelby,
MT,
59474,
(406) 434-2710","{name:""",Lewis Clark RV Park,""", lat:",48.52479,",",lon:,-111.85854,"},","{name:""Lewis Clark RV Park"", lat:48.52479,lon:-111.85854},"
-112.02878,46.70516,Lincoln Rd RV Park,"850 Lincoln Rd W,
Helena,
MT,
59602,
(406) 458-3725","{name:""",Lincoln Rd RV Park,""", lat:",46.70516,",",lon:,-112.02878,"},","{name:""Lincoln Rd RV Park"", lat:46.70516,lon:-112.02878},"
-111.25187,44.68666,Lionshead Mountain RV Resort,"1545 Targhee Pass Hwy West,
Yellowstone,
MT,
59758,
(877) 935-5690","{name:""",Lionshead Mountain RV Resort,""", lat:",44.68666,",",lon:,-111.25187,"},","{name:""Lionshead Mountain RV Resort"", lat:44.68666,lon:-111.25187},"
-110.575467,45.64676,Livingston Campground,"11 Rogers Lane,
Livingston,
MT,
59047,
(406) 222-1122","{name:""",Livingston Campground,""", lat:",45.64676,",",lon:,-110.575467,"},","{name:""Livingston Campground"", lat:45.64676,lon:-110.575467},"
-111.94305,46.96083,Log Gulch BLM,",
Wolf Creek,
MT,
,
(406) 235-4480","{name:""",Log Gulch BLM,""", lat:",46.96083,",",lon:,-111.94305,"},","{name:""Log Gulch BLM"", lat:46.96083,lon:-111.94305},"
-114.53117,46.72515,Lolo Hot Springs RV Park  Cabins,"38500 W. Highway 12,
Lolo,
MT,
59847-8421,
(406) 273-2290","{name:""",Lolo Hot Springs RV Park  Cabins,""", lat:",46.72515,",",lon:,-114.53117,"},","{name:""Lolo Hot Springs RV Park  Cabins"", lat:46.72515,lon:-114.53117},"
-113.495238,47.186358,Lolo National Forest Big Larch Campground,",
Seeley Lake,
MT,
,
(406) 677-2233","{name:""",Lolo National Forest Big Larch Campground,""", lat:",47.186358,",",lon:,-113.495238,"},","{name:""Lolo National Forest Big Larch Campground"", lat:47.186358,lon:-113.495238},"
-114.76666,47.08055,Lolo National Forest Quartz Flat Campground,",
Superior,
MT,
,
(406) 677-2233","{name:""",Lolo National Forest Quartz Flat Campground,""", lat:",47.08055,",",lon:,-114.76666,"},","{name:""Lolo National Forest Quartz Flat Campground"", lat:47.08055,lon:-114.76666},"
-113.513694,47.184446,Lolo National Forest River Point Campground,",
Seeley Lake,
MT,
,
(406) 677-2233","{name:""",Lolo National Forest River Point Campground,""", lat:",47.184446,",",lon:,-113.513694,"},","{name:""Lolo National Forest River Point Campground"", lat:47.184446,lon:-113.513694},"
-113.520482,47.192998,Lolo National Forest Seeley Lake Campground,",
Seeley Lake,
MT,
,
(406) 677-2233","{name:""",Lolo National Forest Seeley Lake Campground,""", lat:",47.192998,",",lon:,-113.520482,"},","{name:""Lolo National Forest Seeley Lake Campground"", lat:47.192998,lon:-113.520482},"
-114.13615,46.74868,Lolo Square Dance Center Campground,"9955 Lolo Creek Road,
Lolo,
MT,
59847,
(406) 273-0141","{name:""",Lolo Square Dance Center Campground,""", lat:",46.74868,",",lon:,-114.13615,"},","{name:""Lolo Square Dance Center Campground"", lat:46.74868,lon:-114.13615},"
-111.186047,44.735186,Madison Arm Resort and Marina,"5475 Madison Arm Road,
Hebgen Lake,
MT,
59758,
(406) 646-9328","{name:""",Madison Arm Resort and Marina,""", lat:",44.735186,",",lon:,-111.186047,"},","{name:""Madison Arm Resort and Marina"", lat:44.735186,lon:-111.186047},"
-115.165223,48.900115,Mariners Haven Campground,"101 Mariners Drive,
Rexford,
MT,
59930,
(406) 297-7821","{name:""",Mariners Haven Campground,""", lat:",48.900115,",",lon:,-115.165223,"},","{name:""Mariners Haven Campground"", lat:48.900115,lon:-115.165223},"
-105.820425,46.399351,Meadows RV Park,"3204 Comstock St,
Miles City,
Mt,
59301,
(406) 234-3013","{name:""",Meadows RV Park,""", lat:",46.399351,",",lon:,-105.820425,"},","{name:""Meadows RV Park"", lat:46.399351,lon:-105.820425},"
-112.25309,46.26972,Merry Widow RV Park,"29 Frontage rd,
Basin,
MT,
59631,
(406) 225-3220","{name:""",Merry Widow RV Park,""", lat:",46.26972,",",lon:,-112.25309,"},","{name:""Merry Widow RV Park"", lat:46.26972,lon:-112.25309},"
-109.42958,47.07223,Mountain Acres Mobile Home Park  Campground,"103 Rocklyn Avenue,
Lewistown,
MT,
59457-1631,
(406) 538-7591","{name:""",Mountain Acres Mobile Home Park  Campground,""", lat:",47.07223,",",lon:,-109.42958,"},","{name:""Mountain Acres Mobile Home Park  Campground"", lat:47.07223,lon:-109.42958},"
-114.04585,48.38774,Mountain Meadow RV Park and Campground,",
Hungry Horse,
MT,
,
(406) 387-9125","{name:""",Mountain Meadow RV Park and Campground,""", lat:",48.38774,",",lon:,-114.04585,"},","{name:""Mountain Meadow RV Park and Campground"", lat:48.38774,lon:-114.04585},"
-109.24471,45.64743,Mountain Range RV Park,"19 Mountain Range Road,
Columbus,
MT,
59019,
(406) 322-1140","{name:""",Mountain Range RV Park,""", lat:",45.64743,",",lon:,-109.24471,"},","{name:""Mountain Range RV Park"", lat:45.64743,lon:-109.24471},"
-114.26895,48.37096,Mountain View RV Park,"3621 Mt Highway 40 W,
Columbia Falls,
MT,
59912,
(406) 892-2500","{name:""",Mountain View RV Park,""", lat:",48.37096,",",lon:,-114.26895,"},","{name:""Mountain View RV Park"", lat:48.37096,lon:-114.26895},"
-114.0412,48.43782,North American RV Park,"10640 Highway 2 E,
Coram,
MT,
59913,
(406) 387-5800","{name:""",North American RV Park,""", lat:",48.43782,",",lon:,-114.0412,"},","{name:""North American RV Park"", lat:48.43782,lon:-114.0412},"
-115.0822,47.28791,Nugget RV Park,"1037 Old Hwy 10 East,
St. Regis,
MT,
59866,
(406) 649-2122","{name:""",Nugget RV Park,""", lat:",47.28791,",",lon:,-115.0822,"},","{name:""Nugget RV Park"", lat:47.28791,lon:-115.0822},"
-109.541865,45.70571,Old West RV,"4 S Division St,
Reed Point,
MT,
59069,
(406) 326-2394","{name:""",Old West RV,""", lat:",45.70571,",",lon:,-109.541865,"},","{name:""Old West RV"", lat:45.70571,lon:-109.541865},"
-113.362473,46.179611,Lake View RV Park,"24 Abbie Lane,
Anaconda,
MT,
59711,
(406) 560-0472","{name:""",Lake View RV Park,""", lat:",46.179611,",",lon:,-113.362473,"},","{name:""Lake View RV Park"", lat:46.179611,lon:-113.362473},"
-110.57947,45.63659,Osen's RV Park and Campground,"20 Merrill Lane,
Livingston,
MT,
59047-4104,
(406) 222-0591","{name:""",Osen's RV Park and Campground,""", lat:",45.63659,",",lon:,-110.57947,"},","{name:""Osen's RV Park and Campground"", lat:45.63659,lon:-110.57947},"
-114.055694,48.012812,Outback Montana RV Park Campground,"13772 outback lane,
Bigfork,
MT,
59911,
(406) 837-6973","{name:""",Outback Montana RV Park Campground,""", lat:",48.012812,",",lon:,-114.055694,"},","{name:""Outback Montana RV Park Campground"", lat:48.012812,lon:-114.055694},"
-114.300947,45.681246,Painted Rocks State Park,",
Darby,
MT,
59829,
(406) 542-5500","{name:""",Painted Rocks State Park,""", lat:",45.681246,",",lon:,-114.300947,"},","{name:""Painted Rocks State Park"", lat:45.681246,lon:-114.300947},"
-108.705278,45.682156,Pelican RV Park,"11360 Interstate 90 Frontage Road,
Laurel,
MT,
59044,
(406) 628-4324","{name:""",Pelican RV Park,""", lat:",45.682156,",",lon:,-108.705278,"},","{name:""Pelican RV Park"", lat:45.682156,lon:-108.705278},"
-113.946881,45.75729,Lost Trail Hot Springs Resort,"283 Lost Trail Hot Springs Rd,
Sula,
MT,
59871,
(406) 821-3574","{name:""",Lost Trail Hot Springs Resort,""", lat:",45.75729,",",lon:,-113.946881,"},","{name:""Lost Trail Hot Springs Resort"", lat:45.75729,lon:-113.946881},"
-109.27367,45.15152,Perry's RV Park and Campgrounds,"6664 U.S. 212,
Red Lodge,
MT,
59068,
(406) 446-2722","{name:""",Perry's RV Park and Campgrounds,""", lat:",45.15152,",",lon:,-109.27367,"},","{name:""Perry's RV Park and Campgrounds"", lat:45.15152,lon:-109.27367},"
-115.16042,48.90219,Rexford Bench Campground,"Highway 37,
Lincoln,
MT,
59930,
(406) 296-2536","{name:""",Rexford Bench Campground,""", lat:",48.90219,",",lon:,-115.16042,"},","{name:""Rexford Bench Campground"", lat:48.90219,lon:-115.16042},"
-109.410228,45.058527,Limber Pine Campground,"Rock creek rd,
Red Lodge,
MT,
59068,
(406) 446-2103","{name:""",Limber Pine Campground,""", lat:",45.058527,",",lon:,-109.410228,"},","{name:""Limber Pine Campground"", lat:45.058527,lon:-109.410228},"
-113.496409,47.11874,Placid Lake State Park,",
Seeley Lake,
MT,
,
(406) 677-3874","{name:""",Placid Lake State Park,""", lat:",47.11874,",",lon:,-113.496409,"},","{name:""Placid Lake State Park"", lat:47.11874,lon:-113.496409},"
-111.951765,48.16566,Pondera RV Park,"120 7th Avenue Southwest,
Conrad,
MT,
59425,
(406) 271-2263","{name:""",Pondera RV Park,""", lat:",48.16566,",",lon:,-111.951765,"},","{name:""Pondera RV Park"", lat:48.16566,lon:-111.951765},"
-113.484656,41.179657,Seeley Lake Motor Lodge Campground,"3206 Montana 83,
Seeley Lake,
MT,
59868,
(406) 677-2335","{name:""",Seeley Lake Motor Lodge Campground,""", lat:",41.179657,",",lon:,-113.484656,"},","{name:""Seeley Lake Motor Lodge Campground"", lat:41.179657,lon:-113.484656},"
-114.382707,46.775766,Lolo NF Lolo Creek Campground,"Hwy 12,
Lolo,
MT,
,
(406) 329-3750","{name:""",Lolo NF Lolo Creek Campground,""", lat:",46.775766,",",lon:,-114.382707,"},","{name:""Lolo NF Lolo Creek Campground"", lat:46.775766,lon:-114.382707},"
-115.022274,47.233652,Lolo NF Slowey Campground,"Old Hwy 10,
St Regis,
MT,
,
(406) 329-3750","{name:""",Lolo NF Slowey Campground,""", lat:",47.233652,",",lon:,-115.022274,"},","{name:""Lolo NF Slowey Campground"", lat:47.233652,lon:-115.022274},"
-114.833847,48.04005,McGregor Lake Resort,"12250 U.S. 2,
Marion,
MT,
59925,
(406) 858-2253","{name:""",McGregor Lake Resort,""", lat:",48.04005,",",lon:,-114.833847,"},","{name:""McGregor Lake Resort"", lat:48.04005,lon:-114.833847},"
-113.520482,48.6943,Glacier NP Rising Sun Campground,"Going-to-the-Sun Rd,
Browning,
MT,
59417,
406 888-7800","{name:""",Glacier NP Rising Sun Campground,""", lat:",48.6943,",",lon:,-113.520482,"},","{name:""Glacier NP Rising Sun Campground"", lat:48.6943,lon:-113.520482},"
-111.242558,45.174069,Red Cliff Campground,"41120 Gallatin Road US 191,
Gallatin Gateway,
MT,
59730-9642,
(877) 646-1012","{name:""",Red Cliff Campground,""", lat:",45.174069,",",lon:,-111.242558,"},","{name:""Red Cliff Campground"", lat:45.174069,lon:-111.242558},"
-114.164795,48.601977,Big Creek Campground,"Flathead National Fores,
Polebridge,
MT,
59928,
(406) 646-1012","{name:""",Big Creek Campground,""", lat:",48.601977,",",lon:,-114.164795,"},","{name:""Big Creek Campground"", lat:48.601977,lon:-114.164795},"
-114.313892,47.804162,Big Arm SP Campground,"28031 Big Arm State Park Rd,
Big Arm,
MT,
,
(406) 751-4577","{name:""",Big Arm SP Campground,""", lat:",47.804162,",",lon:,-114.313892,"},","{name:""Big Arm SP Campground"", lat:47.804162,lon:-114.313892},"
-112.618146,47.075653,Helena NF Copper Creek Campground,"Copper Creek Rd,
Lincoln,
MT,
,
(406) 362-4265","{name:""",Helena NF Copper Creek Campground,""", lat:",47.075653,",",lon:,-112.618146,"},","{name:""Helena NF Copper Creek Campground"", lat:47.075653,lon:-112.618146},"
-112.25901,48.300152,Lake Frances City Park Campground,"Lake St,
Valier,
MT,
,
(406) 279-3361","{name:""",Lake Frances City Park Campground,""", lat:",48.300152,",",lon:,-112.25901,"},","{name:""Lake Frances City Park Campground"", lat:48.300152,lon:-112.25901},"
-113.673989,48.797563,Many Glacier Campground,"Continental Divide trail,
Browning,
MT,
59417,
(406) 888-7800","{name:""",Many Glacier Campground,""", lat:",48.797563,",",lon:,-113.673989,"},","{name:""Many Glacier Campground"", lat:48.797563,lon:-113.673989},"
-114.491909,47.003993,River Edge Resort,"22 S Frontage Rd E,
Alberton,
MT,
59820,
(406) 722-3338","{name:""",River Edge Resort,""", lat:",47.003993,",",lon:,-114.491909,"},","{name:""River Edge Resort"", lat:47.003993,lon:-114.491909},"
-112.3429,48.63424,Riverview RV Park,"401 4th Avenue Southwest,
Cut Bank,
MT,
59427,
(406) 873-4151","{name:""",Riverview RV Park,""", lat:",48.63424,",",lon:,-112.3429,"},","{name:""Riverview RV Park"", lat:48.63424,lon:-112.3429},"
-114.25159,48.25208,Rocky Mountain Hi RV Park  Campground,"825 Helena Flats Road,
Kalispell,
MT,
59901-6658,
(406) 755-9573","{name:""",Rocky Mountain Hi RV Park  Campground,""", lat:",48.25208,",",lon:,-114.25159,"},","{name:""Rocky Mountain Hi RV Park  Campground"", lat:48.25208,lon:-114.25159},"
-110.70313,45.03307,Rocky Mountain RV Park,"14 Jardin Rd,
Gardiner,
MT,
59030,
(406) 848-7251","{name:""",Rocky Mountain RV Park,""", lat:",45.03307,",",lon:,-110.70313,"},","{name:""Rocky Mountain RV Park"", lat:45.03307,lon:-110.70313},"
-111.11261,44.6639,Rustic Wagon RV Campground Cabins,"637  Hwy Ave West,
Yellowstone,
MT,
59758,
(406) 646-7387","{name:""",Rustic Wagon RV Campground Cabins,""", lat:",44.6639,",",lon:,-111.11261,"},","{name:""Rustic Wagon RV Campground Cabins"", lat:44.6639,lon:-111.11261},"
-114.00288,48.46275,San Suz Ed RV Park  Campground,"11505 US Highway 2 E,
West Glacier,
MT,
59936,
(406) 387-5280","{name:""",San Suz Ed RV Park  Campground,""", lat:",48.46275,",",lon:,-114.00288,"},","{name:""San Suz Ed RV Park  Campground"", lat:48.46275,lon:-114.00288},"
-106.621469,48.195859,Shady Rest RV Park,"8 Lasar Dr,
Glasgow,
MT,
59230,
(406) 228-2769","{name:""",Shady Rest RV Park,""", lat:",48.195859,",",lon:,-106.621469,"},","{name:""Shady Rest RV Park"", lat:48.195859,lon:-106.621469},"
-115.05717,48.90665,Silverado Motel RV Park,"100 U.S. 93,
Eureka,
MT,
59917,
(406) 297-7777","{name:""",Silverado Motel RV Park,""", lat:",48.90665,",",lon:,-115.05717,"},","{name:""Silverado Motel RV Park"", lat:48.90665,lon:-115.05717},"
-111.25586,45.464792,Castle Rock Inn,"65840 Gallatin Rd,
Gallatin Gateway,
MT,
59730,
(406) 763-4243","{name:""",Castle Rock Inn,""", lat:",45.464792,",",lon:,-111.25586,"},","{name:""Castle Rock Inn"", lat:45.464792,lon:-111.25586},"
-113.579096,47.32609,Lolo NF Lake Alva Campground,"3583 Rt 83,
Seeley Lake,
MT,
,
(406) 677-2233","{name:""",Lolo NF Lake Alva Campground,""", lat:",47.32609,",",lon:,-113.579096,"},","{name:""Lolo NF Lake Alva Campground"", lat:47.32609,lon:-113.579096},"
-113.483504,47.179163,Seeley Lake Motor Lodge,"3206 Montana 83,
Seeley Lake,
MT,
59868,
(406) 677-2335","{name:""",Seeley Lake Motor Lodge,""", lat:",47.179163,",",lon:,-113.483504,"},","{name:""Seeley Lake Motor Lodge"", lat:47.179163,lon:-113.483504},"
-113.397955,47.094337,Salmon Lake SP Campground,"2329 Rt 83,
Seeley Lake,
MT,
,
(406) 677-6804","{name:""",Salmon Lake SP Campground,""", lat:",47.094337,",",lon:,-113.397955,"},","{name:""Salmon Lake SP Campground"", lat:47.094337,lon:-113.397955},"
-112.538055,46.98299,Helena NF Aspen Grove Campground,"Aspen Grove Rd,
Lincoln,
MT,
,
(406) 362-4265","{name:""",Helena NF Aspen Grove Campground,""", lat:",46.98299,",",lon:,-112.538055,"},","{name:""Helena NF Aspen Grove Campground"", lat:46.98299,lon:-112.538055},"
-112.681146,46.947689,Sleepy Hollow Mobile Home Ct,"402 Stemple Pass Road,
Lincoln,
MT,
59639,
(406) 362-4429","{name:""",Sleepy Hollow Mobile Home Ct,""", lat:",46.947689,",",lon:,-112.681146,"},","{name:""Sleepy Hollow Mobile Home Ct"", lat:46.947689,lon:-112.681146},"
-112.64466,45.2104,Southside RV Park,"104 East Poindexter Street,
Dillon,
MT,
59725,
(406) 683-2244","{name:""",Southside RV Park,""", lat:",45.2104,",",lon:,-112.64466,"},","{name:""Southside RV Park"", lat:45.2104,lon:-112.64466},"
-109.9668,45.80348,Spring Creek Campground Trout Ranch,"257 Main Boulder Rd,
Big Timber,
MT,
59011,
(406) 932-4387","{name:""",Spring Creek Campground Trout Ranch,""", lat:",45.80348,",",lon:,-109.9668,"},","{name:""Spring Creek Campground Trout Ranch"", lat:45.80348,lon:-109.9668},"
-112.691654,46.955166,Spring Creek RV Park,"2080 W  Hwy 200,
Lincoln,
MT,
59639,
(406) 362-4140","{name:""",Spring Creek RV Park,""", lat:",46.955166,",",lon:,-112.691654,"},","{name:""Spring Creek RV Park"", lat:46.955166,lon:-112.691654},"
-114.247191,48.22403,Spruce Park On The River,"1985 Mt  Hwy 35,
Kalispell,
MT,
59901,
(406) 752-6321","{name:""",Spruce Park On The River,""", lat:",48.22403,",",lon:,-114.247191,"},","{name:""Spruce Park On The River"", lat:48.22403,lon:-114.247191},"
-111.851566,45.822906,State of Montana: Lewis Clark Caverns Campground,"25 Lewis and Clark Caverns Road,
Whitehall,
MT,
59759,
(406) 287-3541","{name:""",State of Montana: Lewis Clark Caverns Campground,""", lat:",45.822906,",",lon:,-111.851566,"},","{name:""State of Montana: Lewis Clark Caverns Campground"", lat:45.822906,lon:-111.851566},"
-113.98235,45.83635,Sula Country Store Resort,"7060 U.S. 93,
Sula,
MT,
,
(406) 821-3364","{name:""",Sula Country Store Resort,""", lat:",45.83635,",",lon:,-113.98235,"},","{name:""Sula Country Store Resort"", lat:45.83635,lon:-113.98235},"
-114.04339,48.43404,Sundance RV Park Campground,"10545 Hwy 2 E,
Coram,
MT,
59913,
(406) 387-5016","{name:""",Sundance RV Park Campground,""", lat:",48.43404,",",lon:,-114.04339,"},","{name:""Sundance RV Park Campground"", lat:48.43404,lon:-114.04339},"
-111.00354,45.6735,Sunrise Campground,"31842 Frontage Rd,
Bozeman,
MT,
59715,
(406) 587-4797","{name:""",Sunrise Campground,""", lat:",45.6735,",",lon:,-111.00354,"},","{name:""Sunrise Campground"", lat:45.6735,lon:-111.00354},"
-111.20661,45.672396,Forest Park Mobile Home and RV Park,"27901 Norris Road # 115,
Bozeman,
MT,
59718,
(406) 586-2892","{name:""",Forest Park Mobile Home and RV Park,""", lat:",45.672396,",",lon:,-111.20661,"},","{name:""Forest Park Mobile Home and RV Park"", lat:45.672396,lon:-111.20661},"
-113.852315,47.93598,Swan Lake Campground  picnic Area,"22998 Mt Highway 83,
Swan Lake,
MT,
59911,
(406) 886-2303","{name:""",Swan Lake Campground  picnic Area,""", lat:",47.93598,",",lon:,-113.852315,"},","{name:""Swan Lake Campground  picnic Area"", lat:47.93598,lon:-113.852315},"
-115.380534,47.611291,Thompson Falls State Park,",
Thompson Falls,
MT,
,
(406) 752-5501","{name:""",Thompson Falls State Park,""", lat:",47.611291,",",lon:,-115.380534,"},","{name:""Thompson Falls State Park"", lat:47.611291,lon:-115.380534},"
-114.04782,48.38711,Timber Wolf Resort,"9105 Us Highway 2 E,
Hungry Horse,
MT,
59919,
(406) 387-9653","{name:""",Timber Wolf Resort,""", lat:",48.38711,",",lon:,-114.04782,"},","{name:""Timber Wolf Resort"", lat:48.38711,lon:-114.04782},"
-114.177563,46.02576,Travellers Rest Cabins Rv Park,"601 North Main Street,
Darby,
MT,
59829,
(406) 821-3282","{name:""",Travellers Rest Cabins Rv Park,""", lat:",46.02576,",",lon:,-114.177563,"},","{name:""Travellers Rest Cabins Rv Park"", lat:46.02576,lon:-114.177563},"
-115.58848,47.83585,Trout Creek Motel RV Park,"2972 Montana 200,
Trout Creek,
MT,
59874,
(406) 827-3268","{name:""",Trout Creek Motel RV Park,""", lat:",47.83585,",",lon:,-115.58848,"},","{name:""Trout Creek Motel RV Park"", lat:47.83585,lon:-115.58848},"
-115.56844,48.39548,Two-Bit Outfit RV Park,"17 Two Bit Cir,
Libby,
MT,
59923-3043,
(406) 293-8323","{name:""",Two-Bit Outfit RV Park,""", lat:",48.39548,",",lon:,-115.56844,"},","{name:""Two-Bit Outfit RV Park"", lat:48.39548,lon:-115.56844},"
-111.92803,45.29556,Virginia City City RV Park,"1302 Wallace St,
Virginia City,
MT,
59755,
(406) 843-5493","{name:""",Virginia City City RV Park,""", lat:",45.29556,",",lon:,-111.92803,"},","{name:""Virginia City City RV Park"", lat:45.29556,lon:-111.92803},"
-111.10667,44.66389,Wagon Wheel Campground Cabins,"408 Gibbon Avenue West,
Yellowstone,
MT,
59758,
(406) 646-7872","{name:""",Wagon Wheel Campground Cabins,""", lat:",44.66389,",",lon:,-111.10667,"},","{name:""Wagon Wheel Campground Cabins"", lat:44.66389,lon:-111.10667},"
-114.33754,48.39263,Whitefish RV Park,"6404 US Highway 93 S,
Whitefish,
MT,
59937,
(406) 862-7275","{name:""",Whitefish RV Park,""", lat:",48.39263,",",lon:,-114.33754,"},","{name:""Whitefish RV Park"", lat:48.39263,lon:-114.33754},"
-111.87596,48.425426,Williamson River Park Municipal Park,"Williamson Park Rd,
Shelby,
MT,
59474,
(406) 434-5222","{name:""",Williamson River Park Municipal Park,""", lat:",48.425426,",",lon:,-111.87596,"},","{name:""Williamson River Park Municipal Park"", lat:48.425426,lon:-111.87596},"
-113.012635,46.148235,Willow Springs RV Camping,"1503 Mt Hwy 1 W,
Anaconda,
MT,
,
(406) 563-9141","{name:""",Willow Springs RV Camping,""", lat:",46.148235,",",lon:,-113.012635,"},","{name:""Willow Springs RV Camping"", lat:46.148235,lon:-113.012635},"
-115.57484,48.39803,Woodland RV Park,"275 Woodland Road,
Libby,
MT,
59923-2881,
(406) 293-8395","{name:""",Woodland RV Park,""", lat:",48.39803,",",lon:,-115.57484,"},","{name:""Woodland RV Park"", lat:48.39803,lon:-115.57484},"
-114.060574,47.998746,Bay Marina And Rv Resort,"624 Yenne Point Rd,
Bigfork,
MT,
59911,
(406) 837-6191","{name:""",Bay Marina And Rv Resort,""", lat:",47.998746,",",lon:,-114.060574,"},","{name:""Bay Marina And Rv Resort"", lat:47.998746,lon:-114.060574},"
-111.10435,44.65546,Yellowstone Grizzly RV Park,"210 S Electric St West,
Yellowstone,
MT,
59758,
(406) 646-4466","{name:""",Yellowstone Grizzly RV Park,""", lat:",44.65546,",",lon:,-111.10435,"},","{name:""Yellowstone Grizzly RV Park"", lat:44.65546,lon:-111.10435},"
-111.21712,44.80377,Yellowstone Holiday Resort RV Campground Marina,"16990 Hebgen Lake Rd West,
Yellowstone,
MT,
59758,
(406) 646-4242","{name:""",Yellowstone Holiday Resort RV Campground Marina,""", lat:",44.80377,",",lon:,-111.21712,"},","{name:""Yellowstone Holiday Resort RV Campground Marina"", lat:44.80377,lon:-111.21712},"
-108.48385,45.76384,Yellowstone River RV Park Campground,"309 Garden Avenue,
Billings,
MT,
59101-5743,
(406) 259-0878","{name:""",Yellowstone River RV Park Campground,""", lat:",45.76384,",",lon:,-108.48385,"},","{name:""Yellowstone River RV Park Campground"", lat:45.76384,lon:-108.48385},"
-110.723916,45.038794,Yellowstone RV Park,"121 Hwy 89 S,
Gardiner,
MT,
59030,
(406) 848-7496","{name:""",Yellowstone RV Park,""", lat:",45.038794,",",lon:,-110.723916,"},","{name:""Yellowstone RV Park"", lat:45.038794,lon:-110.723916},"
-110.68508,45.41682,Yellowstone's Edge RV Park,"3502 US Highway 89 S,
Livingston,
MT,
59047,
(406) 333-4036","{name:""",Yellowstone's Edge RV Park,""", lat:",45.41682,",",lon:,-110.68508,"},","{name:""Yellowstone's Edge RV Park"", lat:45.41682,lon:-110.68508},"
-111.108865,44.662985,Yellowstone Cabins and RV,"504  Hwy 20 West,
Yellowstone,
MT,
59758,
(406) 646-9350","{name:""",Yellowstone Cabins and RV,""", lat:",44.662985,",",lon:,-111.108865,"},","{name:""Yellowstone Cabins and RV"", lat:44.662985,lon:-111.108865},"
-111.104338,44.664371,Hideaway RV Park,"320 Electric Street West,
Yellowstone,
MT,
59758,
(406) 646-9049","{name:""",Hideaway RV Park,""", lat:",44.664371,",",lon:,-111.104338,"},","{name:""Hideaway RV Park"", lat:44.664371,lon:-111.104338},"
-111.097484,44.662421,Pony Express RV Park,"4 Firehole Avenue West,
Yellowstone,
MT,
59758,
(406) 646-9412","{name:""",Pony Express RV Park,""", lat:",44.662421,",",lon:,-111.097484,"},","{name:""Pony Express RV Park"", lat:44.662421,lon:-111.097484},"
-111.309975,47.471583,Missouri Meadows Campground,"3012 Lower River Rd,
Great Falls,
MT,
59405,
(406) 452-0408","{name:""",Missouri Meadows Campground,""", lat:",47.471583,",",lon:,-111.309975,"},","{name:""Missouri Meadows Campground"", lat:47.471583,lon:-111.309975},"
-110.680957,47.808972,D and S RV Park,"1012 4th,
Fort Benton,
MT,
59442,
(406) 622-5104","{name:""",D and S RV Park,""", lat:",47.808972,",",lon:,-110.680957,"},","{name:""D and S RV Park"", lat:47.808972,lon:-110.680957},"
-114.123901,46.982556,Outpost Campground,"11600 U.S. 93,
Missoula,
MT,
59808,
(406) 543-1064","{name:""",Outpost Campground,""", lat:",46.982556,",",lon:,-114.123901,"},","{name:""Outpost Campground"", lat:46.982556,lon:-114.123901},"
-109.20154,45.442143,Cooney Campground,"86 Lake Shore Road,
Roberts,
MT,
59070,
(406) 445-2326","{name:""",Cooney Campground,""", lat:",45.442143,",",lon:,-109.20154,"},","{name:""Cooney Campground"", lat:45.442143,lon:-109.20154},"
-111.34596,44.870978,Campfire Lodge Resort,"155 Campfire Lane,
West Yellowstone,
MT,
59758-9782,
(406) 646-7258","{name:""",Campfire Lodge Resort,""", lat:",44.870978,",",lon:,-111.34596,"},","{name:""Campfire Lodge Resort"", lat:44.870978,lon:-111.34596},"
-111.687657,45.447836,Lake Shore Cabins and Campground,"234 N Ennis Lake Rd,
Madison,
MT,
59729,
(406) 682-4424","{name:""",Lake Shore Cabins and Campground,""", lat:",45.447836,",",lon:,-111.687657,"},","{name:""Lake Shore Cabins and Campground"", lat:45.447836,lon:-111.687657},"
-110.690108,46.898746,Many Pines Campground,"4234 US Highway 89 North,
Neihart,
MT,
59465,
(406) 236-5511","{name:""",Many Pines Campground,""", lat:",46.898746,",",lon:,-110.690108,"},","{name:""Many Pines Campground"", lat:46.898746,lon:-110.690108},"
-114.125454,47.566495,Mission Meadows Camping and RV,"44457 Mission Meadow Dr # 102,
Ronan,
MT,
59864-8903,
(406) 676-5182","{name:""",Mission Meadows Camping and RV,""", lat:",47.566495,",",lon:,-114.125454,"},","{name:""Mission Meadows Camping and RV"", lat:47.566495,lon:-114.125454},"
-114.393814,47.942239,Lake Mary Ronan Lodge and Resort,"52012 Lake Mary Ronan Road,
Proctor,
MT,
59929-9741,
(406) 849-5483","{name:""",Lake Mary Ronan Lodge and Resort,""", lat:",47.942239,",",lon:,-114.393814,"},","{name:""Lake Mary Ronan Lodge and Resort"", lat:47.942239,lon:-114.393814},"
-114.385608,47.932788,Mountain Meadows Resort and Campground,"Lake Mary Ronan Rd,
Lake,
MT,
59929,
(406) 849-5459","{name:""",Mountain Meadows Resort and Campground,""", lat:",47.932788,",",lon:,-114.385608,"},","{name:""Mountain Meadows Resort and Campground"", lat:47.932788,lon:-114.385608},"
-114.658221,48.091456,Moose Crossing Inc,"8405 US Highway 2 W,
Marion,
MT,
59925-9701,
(406) 854-2070","{name:""",Moose Crossing Inc,""", lat:",48.091456,",",lon:,-114.658221,"},","{name:""Moose Crossing Inc"", lat:48.091456,lon:-114.658221},"
-114.102443,47.539638,Diamond S RV Park,"Hwy 93 N,
Ronan,
MT,
59864,
(406) 676-2267","{name:""",Diamond S RV Park,""", lat:",47.539638,",",lon:,-114.102443,"},","{name:""Diamond S RV Park"", lat:47.539638,lon:-114.102443},"
-106.796912,45.103245,Tongue River Reservoir Campground,"290 Campers Point,
Decker,
MT,
59025,
(406) 234-0900","{name:""",Tongue River Reservoir Campground,""", lat:",45.103245,",",lon:,-106.796912,"},","{name:""Tongue River Reservoir Campground"", lat:45.103245,lon:-106.796912},"
-111.890662,46.74363,H and C Campground and Store,"6568 Hauser Dam Road,
Helena,
MT,
59602-8003,
(406) 458-3833","{name:""",H and C Campground and Store,""", lat:",46.74363,",",lon:,-111.890662,"},","{name:""H and C Campground and Store"", lat:46.74363,lon:-111.890662},"
-111.898889,46.587655,Buzz In RV Park and Campground,"3699 E Old Highway 12,
East Helena,
MT,
59635-9714,
(406) 227-9002","{name:""",Buzz In RV Park and Campground,""", lat:",46.587655,",",lon:,-111.898889,"},","{name:""Buzz In RV Park and Campground"", lat:46.587655,lon:-111.898889},"
-111.65501,46.611484,Hellgate Campground,"Canyon Ferry SW,
Lewis and Clark County,
MT,
,
(406) 475-3921","{name:""",Hellgate Campground,""", lat:",46.611484,",",lon:,-111.65501,"},","{name:""Hellgate Campground"", lat:46.611484,lon:-111.65501},"
-111.731903,46.65632,Riverside Campground,",
Lewis and Clark,
MT,
,
(877) 444-6777","{name:""",Riverside Campground,""", lat:",46.65632,",",lon:,-111.731903,"},","{name:""Riverside Campground"", lat:46.65632,lon:-111.731903},"
-108.210555,45.095892,Bighorn Canyon NRA Barry's Landing Campground (Primative),"Barry's Landing Rd,
Laurel,
MT,
,
(406) 666-2412","{name:""",Bighorn Canyon NRA Barry's Landing Campground (Primative),""", lat:",45.095892,",",lon:,-108.210555,"},","{name:""Bighorn Canyon NRA Barry's Landing Campground (Primative)"", lat:45.095892,lon:-108.210555},"
-115.059555,48.894222,Blue Mountain RV Park,"5865 US Highway 93 N,
Eureka,
MT,
59917-9116,
(406) 889-3868","{name:""",Blue Mountain RV Park,""", lat:",48.894222,",",lon:,-115.059555,"},","{name:""Blue Mountain RV Park"", lat:48.894222,lon:-115.059555},"
-114.269223,48.21608,White Birch RV and Campground,"17 Shady Lane Drive,
Kalispell,
MT,
59901,
(406) 752-4008","{name:""",White Birch RV and Campground,""", lat:",48.21608,",",lon:,-114.269223,"},","{name:""White Birch RV and Campground"", lat:48.21608,lon:-114.269223},"
-114.016759,48.46116,Lake Five Resort,"540 Belton Stage Road,
West Glacier,
MT,
59936,
(406) 387-5601","{name:""",Lake Five Resort,""", lat:",48.46116,",",lon:,-114.016759,"},","{name:""Lake Five Resort"", lat:48.46116,lon:-114.016759},"
-105.672579,48.088889,Rancho Campground and Motel,"U.S. 2,
Wolf Point,
MT,
59201,
(406) 653-1940","{name:""",Rancho Campground and Motel,""", lat:",48.088889,",",lon:,-105.672579,"},","{name:""Rancho Campground and Motel"", lat:48.088889,lon:-105.672579},"
